,topic,document
0,5_private_jets_cola_coca,world 's elite arrived hundreds private jets lecture climate change sponsored coca cola 
1,4_cop_today_due_work,friends partners allies great meet today 
2,-1_climate_minister_world_president,point maybe ask women help 
3,0_climate_must_change_world,climate change ravage planet without urgent action rishi sunak
4,0_climate_must_change_world,warned global leaders highway climate hell foot accelerator our planet fast approaching tipping points make climate chaos irreversible we need urgent 
5,5_private_jets_cola_coca,rich people flying private jets un talks sponsored coca cola give fossil fuel industry huge seat table criminalizing climate activists way stop irreversible catastrophic fossil fueled global heating 
6,5_private_jets_cola_coca,cop sponsored coca cola worlds top plastic polluter produce billion throwaway plastic bottles year 
7,5_private_jets_cola_coca, private jets world leaders flying climate summit discuss reduce carbon emission
8,3_alaa_strike_prison_water,brother last glass water prison please keep story alive 's saved this afternoon 'm flying sharm civil society pass egyptian regime claims civic space exists 'll testing 
9,1_egypt_climate_crisis_russia,egypt attend
10,1_egypt_climate_crisis_russia,incoming reports polish journalists business leaders plying ukrainian national anthem phones whenever spot group russians un climate summit starting egypt the russians arent happy 
11,-1_climate_minister_world_president,dude lecturing carbon footprint
12,-1_climate_minister_world_president,finally also great see keeping conservative tradition regular u turns 
13,-1_climate_minister_world_president,oliver dowden 's claim pm personally committed '' climate action ludicrous shamed going plans huge new oil gas extraction failed meet financial pledges climate vulnerable countries removed climate ministers cabinet
14,0_climate_must_change_world,pm credibility urges others keep glasgow commitments govt hasnt met finance pledges hasnt raised ambition uk emission cuts continuing fossil fuel subsidies wont rule new coal greenlighting oil gas
15,0_climate_must_change_world,made dramatic u turn giving toss climate change forced pretend give toss climate change 
16,0_climate_must_change_world,rishi sunak trumpets plan investing renewables '' plan includes banning onshore wind blocks new solar farms windfall tax gigantic loophole continued climate wrecking fossil fuel investment 
17,-1_climate_minister_world_president,hypocrisy 
18,-1_climate_minister_world_president,say 
19,-1_climate_minister_world_president,climate crisis fight lives losing but one thing certain give sure lose so lets fight together and lets win 
20,-1_climate_minister_world_president,man last row pm country suffered recently due climate change 
21,-1_climate_minister_world_president,dragged kicking screaming showing real leadership required home abroad weak wobbly prime minister day trip 
22,-1_climate_minister_world_president,simple effective message pakistan pavilion 
23,0_climate_must_change_world,earth rishi sunak claim 's delivering '' leadership '' 've seen climate ministers booted cabinet swathe new oil gas licences failure rule cumbria coal mine flip flopping even attending
24,0_climate_must_change_world,demands urgent action everyone renewables solution climate energy crises let 's accelerate energy transition 
25,0_climate_must_change_world,ed milibands climate reparations shows people like left lost marbles 
26,1_egypt_climate_crisis_russia,case missed egypt lit khafre pyramid one three ancient pyramids giza date back years ahead 
27,-1_climate_minister_world_president,met fellow leaders african nations sidelines discuss bilateral regional issues continue work solidarity find african solutions africa 's problems strive resilient continent 
28,-1_climate_minister_world_president,world leaders prepare travel discuss climate change heres reminder joe biden arrived glasgow
29,0_climate_must_change_world,ever going get pm doesnt bow media leftist pressure weak
30,0_climate_must_change_world,humanity tipping point must achieve climate justice support poorest loss damage deliver systemic change global scale running time solidarity climate activists human rights defenders wait longer 
31,0_climate_must_change_world,held discussions leaders several countries bilateral strategic issues alongside also met leaders continental international organizations discuss issues mutual interest 
32,-1_climate_minister_world_president,uk prime minister rushed room aides middle launch forests partnership
33,0_climate_must_change_world,need loss damage finance facility need climate justice need action time running decision makers need step
34,1_egypt_climate_crisis_russia,yesterday minister affairs mlanie joly arrived egypt so far year 've flown million kilometres tell world canadians pollute much all leaders agree one solution higher taxes 
35,0_climate_must_change_world,breaking m blocked supporters stop oil climbed onto overhead gantries m multiple locations halting traffic demanding government halts new oil gas consents licences anything less death sentence 
36,4_cop_today_due_work,underway come humans lots time loose 
37,5_private_jets_cola_coca,cop many billionaires gon na land private jets lecture us consumption habits year 
38,-1_climate_minister_world_president,happy week one 
39,5_private_jets_cola_coca,told us wear masks socially distance yet held lavish parties they told us save planet yet travelled private jet motorcade told us play rules played set rules taking piss 
40,-1_climate_minister_world_president,united nations climate summit kicks today sharm el sheikh city egypt finally loss damage finance agenda adopted today seek compensation liabilities rich countries historical polluters it 's time 
41,0_climate_must_change_world,begins today climate world succeed fail one must make two weeks count 
42,0_climate_must_change_world,breaking uk prime minister rishi sunak rushed conference room aides ahead speech mysterious circumstances
43,-1_climate_minister_world_president,outcome would different attendance limited alive 
44,0_climate_must_change_world,last years track warmest record sea levels rising twice speed s we must answer planets distress signal ambitious credible must place must time 
45,0_climate_must_change_world,want turn uk green energy superpower accepted k donors fossil fuel connections said busy attend stopped climate minister attending cabinet 
46,0_climate_must_change_world,sunak earnestly tells great current prime minister last pm shows leading world debateyeah right thatll rather pair total frauds engaged ego wrestling sideshow 
47,0_climate_must_change_world,imagine live frightening possibility young people like yaala maldives paying highest price crisis making 
48,0_climate_must_change_world,deliberations world leaders shape future struggle climate change face today challenge century duty leave clean green environment coming generations vow succeed costs
49,1_egypt_climate_crisis_russia,way egypt 
50,-1_climate_minister_world_president,finally leave tomorrow egypt attend representing india voice millions children world urge world leaders deliver concrete climate action loss damage caused climate crisis 's time climate justice 
51,-1_climate_minister_world_president,duration ill something different account portal egypt currently covered epic police state controlled coca cola sponsored hill knowlton spun greenwashing 
52,0_climate_must_change_world,glad see sunak 's screeching u turn embarrassing mis step world stage let lesson climate leadership matters urgently needs increase uk ambition emission reduction targets pay owe global climate funds
53,0_climate_must_change_world,informed police highway authority yesterday would disrupted knew chose warn public sound familiar fire floods drought disruption climate chaos wont end must stop new oil gas 
54,0_climate_must_change_world,impacts climate change loss damage cause longer ignored must agree clear time bound roadmap reflective scale urgency challenge it 's moral imperative question solidarity climate justice
55,-1_climate_minister_world_president,climate change seen greatest challenge face man treated much bigger priority united kingdom king charles iii
56,0_climate_must_change_world,first time since adoption un climate convention parties agreed introduce funding agenda item climate conference 
57,5_private_jets_cola_coca,private jet motorcade travelling political leaders hypocritically virtue signal sponsored coca cola conveniently forgotten contributed environmental catastrophe billion covid masks pollute oceans 
58,0_climate_must_change_world,desperate hope world looking herea year ago today sir david attenborough addressed world leaders opening ceremony with less one week powerful words still ring true
59,1_egypt_climate_crisis_russia,polish journalist covering un climate summit egypt greets russians hotel restaurant patriotic ukrainian song loud slava ukraini 
60,-1_climate_minister_world_president,good first meeting prime minister margins face many common challenges tackling climate change energy transition russias war ukraine look forward constructive cooperation based agreements 
61,0_climate_must_change_world,must immediately end use fossil fuels build massive amounts solar wind electrify everything conserve find solutions last hard stuff planes cement stop cutting trees 
62,-1_climate_minister_world_president,evening sharm el sheikh president kagame held talks president dr william ruto kenya ahead two leaders discussed continued positive fruitful bilateral relationship kenya rwanda 
63,-1_climate_minister_world_president,consumption richest people global society global emissions emitted population global emissions population needs recognise climate justice richmust change
64,0_climate_must_change_world,thoughts questions first plan quickly ramping fossil fuel industry comes meeting 's failure 's bottom line fossil fuels cause ramping industry must core solutions package 
65,-1_climate_minister_world_president, countries almost entirely powered iceland paraguay norway costa rica solutions 
66,1_egypt_climate_crisis_russia,believe allowed answer cop questions today days egypt another sign climate wrecking pm get
67,0_climate_must_change_world,droughts heatwaves floods devastating impact food production the unfolding global food crisis stopped nations manage climate crisis at leaders must commit find climate solutions help stop prevent hunger 
68,0_climate_must_change_world,urgently need shared global goal nature like c goal already climate halting biodiversity loss enough say must 
69,-1_climate_minister_world_president,first minister met prime minister barbados ahead egypt scotland committed engaging barbados find new areas collaboration particularly energy addressing achieving 
70,4_cop_today_due_work,tomorrow opening send clear signal world leaders urgency demands things differently let us use cop find common ground reflect urgency actions 
71,-1_climate_minister_world_president,rspb calls attend egypt nature climate emergencies deeply intertwined need pm build legacy glasgow cop show global leadership needs positive advocate role nature solving global crisis 
72,-1_climate_minister_world_president,treating us like suckers 
73,0_climate_must_change_world,sunak 's multi billion giveaway stick throats red wall voters still waiting levelling '' money promised how sunak find billions clean energy '' third world working class voters ca n't even afford switch heating 
74,-1_climate_minister_world_president,rspb calls attend egypt nature climate emergencies deeply intertwined need pm build legacy glasgow cop show global leadership needs positive advocate role nature solving global crisis 
75,0_climate_must_change_world,last year asked world leaders open hearts entering cop negotiations many yet take climate crisis seriously at leaders must show care people open eyes realities climate inaction 
76,0_climate_must_change_world,droughts europe made hunger stones '' visible year stones used mark desperately low river levels would forecast famines one elbe river says see cry '' time wait 
77,4_cop_today_due_work,heading along half plane ive since cop missed bali india cops due maternity leave kids grown emissions due working
78,1_egypt_climate_crisis_russia,held egypt watershed humanity 's fight climate change global warming extreme climatic events pakistan horn africa year showcased globalisation climate change turning blind eye lethal effects criminal 
79,-1_climate_minister_world_president,elected president sameh shoukry addresses climate envoys delegates opening plenary 
80,0_climate_must_change_world, science clear hope limiting temperature rise degrees means achieving global net zero emissions degree goal life support machines rattling '' secretary general 
81,1_egypt_climate_crisis_russia,climate disasters already hurting countries communities economies next week start egypt present crucial opportunity leaders make meaningful progress climate promises must become global priority need 
82,0_climate_must_change_world,sunak lecturing leaders need couldnt even arsed attend boris johnson threatened upstage peak tory britain whole world see 
83,0_climate_must_change_world, climate change ravage planet without urgent action sunak sunak gives heated swimming pool downgrades two homes give spare practice preach ignore we together 
84,0_climate_must_change_world, 're joining family global leaders dev ' partners advance get details events 're hosting partners explore key climate issues incl partnerships youth climate justice 
85,0_climate_must_change_world,believe complete waste time money agree yes yes yes
86,-1_climate_minister_world_president,let king go 's actual opportunity present better side uk influence go lead 
87,4_cop_today_due_work,always pleasure meet friend h e today reviewed task rehabilitation thanked sg creating un inter agency team prepare comprehensive reconstruction plan empathetic leadership key addressing climate change 
88,0_climate_must_change_world,catastrophic climate disasters continue upend lives millions children south asia leaving desperately need support survive world leaders unite unicef calls ensure children centre climate decisions 
89,0_climate_must_change_world,oil natural gas playing ongoing role africas energy mix years come renewables expensive unreliable cant heavy lifting need drill gas make energy poverty history fighting climate change 
90,1_egypt_climate_crisis_russia,live egypt opening ceremony
91,0_climate_must_change_world,human alive antithesis spirit glasgow boris johnson 
92,0_climate_must_change_world,inconvenient truth 
93,0_climate_must_change_world,must put us back track cut emissionsboost climate resilience adaptationkeep promise climate financeaddress loss damage resulting climate crisis 
94,0_climate_must_change_world,boris johnson showing like david brent kept turning work sacked
95,-1_climate_minister_world_president,leave yesterday egypt due short funds im getting delayed im going travel way thousands kilometres india selling tea tell world leaders provide urgent climate finance save planetand future 
96,5_private_jets_cola_coca, world 's richest percent responsible estimated share global co emissionsif want reduce emissions maybe lockdown likes bill gates co good startdo lot virtue signalling
97,2_sheikh_sharm_el_summit,welcomes world leaders climate envoys delegates civil society around world years sharm el sheikh climate implementation summit action meets ambition 
98,0_climate_must_change_world,must place rebuild trust re establish ambition needed avoid driving planet climate cliff we need much faster bolder 
99,-1_climate_minister_world_president,lula becomes president brazil beating fascist far right bolsonaro triumph hope compassion ambition better future brazilians ahead great news global shared world
100,4_cop_today_due_work,opening plenary commenced election sameh shoukry cop president parties 
101,1_egypt_climate_crisis_russia,welcome egypt president president love rwanda
102,1_egypt_climate_crisis_russia,egypt lighting
103,2_sheikh_sharm_el_summit,met leading kenyan environmentalist founder championing climate action globally kenyathrough tree growing addressed world leaders cop address sharm el sheikh egypt viva 
104,0_climate_must_change_world,rishi sunak attending govt lift ridiculous ban king charles attending 
105,0_climate_must_change_world,indigo rumblelow spokespersonfor stop oil london said expect government complicit illegal unconstitutionalplan issue licences consents new oil gas plan take world c
106,0_climate_must_change_world, rife disasters impacting youth across join conversation share first hand encounters
107,0_climate_must_change_world, humanity choice cooperate perish speaking world leaders summit un secretary general called historic pact developed emerging economies '' avoid runaway 
108,0_climate_must_change_world,face many challenges climate change biggest this implementation summit keep track promises we need everything keep degrees reach europe stays course 
109,0_climate_must_change_world,hardly major new package '' rishi sunak 's rehashing bn already committed glasgow 's finance m missing owe adaptation funds creative accounting wo n't solve
110,-1_climate_minister_world_president,holding people account presidents prime ministers ceos our policies businesses infrastructure actions must align my signal change today opening 
111,-1_climate_minister_world_president,still chance rapidly losing id say c intensive care either act immediately strong way lost probably lost ever spot huge amount stake
112,0_climate_must_change_world,must deliver massive emissions reductions money loss damage social justiceas negotiations failed last years carbon dioxide levels still going causing rising global temperatures c rising
113,0_climate_must_change_world,'s gov't one world 's ambitious green plans reduction target enshrined law we need industrialzed nations raise level ambition 's next 
114,5_private_jets_cola_coca,n't flown plane since see clearly every flight makes earth irreversibly hotter everything means way 'd fly corporate greenwash fest like cop must prove 's serious ending fossil fuel industry 's 
115,0_climate_must_change_world,exactly scotland 's first minister defends decision go despite receiving criticism back home fc
116,2_sheikh_sharm_el_summit,delighted meet friend uae president hh sheikh today discussed israeli emirati cooperation climate issues regional developments middle east 
117,0_climate_must_change_world,postponed days race set donald 's ambition raise awareness fragility worldwide one keys improving climate environment beneath feet 
118,0_climate_must_change_world,rishi sunak wrong attend agree yes yes yes
119,-1_climate_minister_world_president,today president kagame launched ireme invest rwandas green investment facility raised million first capitalization facility invest private sector led green growth rwanda availing sustainable finance 
120,0_climate_must_change_world,premint promob o g o f first get free nft airdrop public mintprice ethmint trees planted per nft million tree planting initiative
121,5_private_jets_cola_coca,multiple homes multiple cars private jets helicopters etcthe hypocrisy preaching us astounding the event soundbites virtue signalling political dodgy dealings masked climate support the average brit sick 
122,-1_climate_minister_world_president,asked years old girl carbon emissions fly attend ever ask modi ji travel attend cops free trip result hard work sweats last years atleast offset carbon footprints 
123,1_egypt_climate_crisis_russia,always pleasure joining time egypt discussed climate loss damage flooding pakistan effects russia ukrainian crisis attack former pm thread
124,1_egypt_climate_crisis_russia, registered egypt climate talks private jets thousands vehicles message today hold citizens accountable climate change make better unbelievable touch fact people choose heat eat 
125,0_climate_must_change_world,rishi sunaks dithering nearly left us empty chaired world stage doesnt get it real leadership would safeguard britains industrial future energy security new jobs valuable exports cutting bills good 
126,1_egypt_climate_crisis_russia,egyptian foreign minister sameh shoukry officially receives cop presidency former president
127,-1_climate_minister_world_president,way becoming global value chain ready demonstrate capabilities world join mr chairman 
128,0_climate_must_change_world,message uk pm today end finance new fossil fuels massively scale investments renewables call fund help communities cope devastating impacts climate crisis 
129,1_egypt_climate_crisis_russia, country built pyramids '' barbados pm mia mottley slams inaction climate crisis 
130,0_climate_must_change_world,important rishi sunak fucked early meeting 
131,-1_climate_minister_world_president,worlds biggest carbon polluters country annually metric tons 
132,4_cop_today_due_work,world leaders gather kicks today world watching calling cop acts commitments developing nations demanding previous commitments finance upheld read
133,0_climate_must_change_world,boris johnson going isnt minister charge brief hes already holiday speaking engagements backbench mp therefore working contingency matters whip withdrawn 
134,2_sheikh_sharm_el_summit,dave angel eco warrior breakfast delegates hotel
135,3_alaa_strike_prison_water,'s likely unless freed one prominent voices arab spring british egyptian die prison world leaders including biden egypt brutal imprisonment almost decade he n't even get consular visit 
136,2_sheikh_sharm_el_summit,special way sharm el sheikh take opportunity thank president appointing ps national treasury honor privilege serve position among m equally deserving kenyans
137,0_climate_must_change_world,julian assange faces year sentence extradited truthful reporting including ways powerful nations undermined climate actionprosecuting assange puts everyone 's right know peril
138,0_climate_must_change_world,surely reject idea britain paying 'climate reparations ' poorer countries would compensation calculated would police way cash spent labour backing tories
139,3_alaa_strike_prison_water,alaa drank last cup tea prison starting today 's zero calorie strike days starts cease consuming water well alaa bluffing 's fueled hope reunited us rage years stolen life 
140,0_climate_must_change_world,great first day world leaders summit part continued leadership announced triple funding adaptation today launched forests climate leaders partnership
141,0_climate_must_change_world,soil organic carbon treasure beneath feet potential sequester greenhouse gases help mitigate adapt learn relationship soils carbon
142,3_alaa_strike_prison_water,received letter pm pledging call release alaa highest levels '' end unacceptable treatment alaa drunk last glass water hrs ago let 's hope letter translates action
143,0_climate_must_change_world,every moment allow climate change ravage planet see human sufferingbecause act today risk leaving ever desperate inheritance children rishi sunak butrishi sunak may 
144,-1_climate_minister_world_president,happy meet team eu negotiators working hard next weeks make headway calling partners turn ambition action bring world line paris goal thank dedication wish every success 
145,0_climate_must_change_world,believe uk leading role play world tackles climate change role dragged kicking screaming taking action 
146,2_sheikh_sharm_el_summit,today opening ceremony sharm el sheikh climate implementation summit world leaders envoys delegates members civil society came together unified front mobilize prioritize global climate agenda 
147,-1_climate_minister_world_president,president kagame also commonwealth chair in office also met commonwealth sg ahead secretary general briefed president progress made goals set commonwealth countries chogm hosted kigali earlier year 
148,2_sheikh_sharm_el_summit,message delegates attending sharm el sheikh best snorkelling house reef park regency hotel na'ama bay 're welcome 
149,1_egypt_climate_crisis_russia,important two weeks ahead egypt must implement historic push future planet depends
150,5_private_jets_cola_coca,begins annual taxpayer funded jamboree world leaders fly private jets halfway around worldlike modern day king canutes shout stop forces controllike kings make poor poorer return lives luxury
151,2_sheikh_sharm_el_summit, november sharm el sheikh implementation summit provide platform highest level view creating much needed political momentum unity around difficult moment globe 
152,0_climate_must_change_world,critical work together set achieve targets limit global warming c looking forward increasing climate ambition partnering innovative solutions climate crisis prosperous future 
153,0_climate_must_change_world,new analysiswho responsible bn cilmate finance target missed us bn short fair share '' based historical emissions new analysis findsuk australia canada also bns short 
154,3_alaa_strike_prison_water, days hunger strike alaa abdel fattah die midst crime '' sharing facebook post torture make mockery climate talks power stop intervene
155,1_egypt_climate_crisis_russia,live president egypt urges world move concrete actions effective implementation climate also launches appeal end war russia ukraine 
156,-1_climate_minister_world_president, first minister met pakistans minister climate change they discussed devastating recent floods pakistan action loss damage 
157,3_alaa_strike_prison_water,brothers life danger need proof still alive noon every day enough confirm still alive speak sisi 
158,0_climate_must_change_world,president kagame addressed terra carta action forum breakfast organized ahead launched king charles iii terra carta sets practical action help private sector accelerate progress towards sustainable future 
159,0_climate_must_change_world,reminder climate emergency 
160,-1_climate_minister_world_president, time implementation procrastination lets get poor vulnerable countries financing mitigation adaptation loss damage lets make trade integral part ndcs w presidents pm
161,0_climate_must_change_world,must deliver concrete action loss damage caused climate crisis this matter trust developed developing countries for many countries question survival 
162,-1_climate_minister_world_president,buses fight climate change h t
163,0_climate_must_change_world, days go world comes together pursuit one common goal turning ambition urgent concrete effective climate action 
164,0_climate_must_change_world,international drought resilience alliance launched aims help countries cities communities better prepare respond alliance drive regional actions initiatives innovation technology
165,0_climate_must_change_world,moment world leaders regain momentum climate change move negotiation action together 
166,5_private_jets_cola_coca,outrageously worlds largest plastic polluter coca cola supporting sponsor '' big companies helping destroy climate crash ecosystems paying greenwash image cop read 
167,-1_climate_minister_world_president, adaptation met issue finance fulfilled continue lag behind room except move forward obtain objectives '' president sameh shoukry cop press conference 
168,0_climate_must_change_world,people scotland struggling eat heat homes sturgeons giving away million cash reparations make look good utterly outrageous 
169,2_sheikh_sharm_el_summit,great see another un climate summit time sharm el sheikh egypt looking forward seeing scotland continue push climate action globally 
170,3_alaa_strike_prison_water,selling tea reach never easy journey 
171,4_cop_today_due_work,ahead first minister reiterated dedication ensuring cop one action implementation open honest debate loss damage met new executive secretary
172,0_climate_must_change_world,developing countries fertile precipice largest economic transformation since industrial revolution governments need protect communities affected ensure sustainable development
173,1_egypt_climate_crisis_russia,expectations run high new jetp 's energy transition partnerships world leaders gather egypt save date join discussion bishop geoff davies hosted
174,0_climate_must_change_world,air breathe food eat water drink environment live climate change destruction natural habitats impact health means protecting nature
175,0_climate_must_change_world,official emoji live make sure use join conversation come together climate implementation action
176,0_climate_must_change_world,climate hoax even less momentum esg right nobody cares nobody believes ruling class house cards collapsing 
177,3_alaa_strike_prison_water,'m way brother british citizen begins water strike may last days family needs proof life noon every day 'm relieved 're working confirm alaa still alive day 
178,0_climate_must_change_world,thought said broke rishi getting money pledging 
179,-1_climate_minister_world_president,let 's fight together let 's win 
180,0_climate_must_change_world,days away sneak peek conference center world leaders delegations experts civil society youth across globe meet mobilize global 
181,0_climate_must_change_world,every fraction degree global warming matters delay option 
182,0_climate_must_change_world,first ever food systems pavilion represents enormous opportunity ensure health planets soil considered policymakers discussions say soil experts
183,3_alaa_strike_prison_water,man rare courage hope vision dying jail meets nearbyhow save british citizen egyptian gem neither egypt afford lose article today
184,0_climate_must_change_world,president forefront improving climate data transparency made france global leader climate risk disclosure great see today partner work continues 
185,-1_climate_minister_world_president,king charles hosted reception buckingham palace today ahead group included fashion designer stella mccartney
186,-1_climate_minister_world_president,honour meet inspiration one key voice climate justice global south sir prof today want climate justice act 
187,0_climate_must_change_world,takes place frontlines converging climate food energy health debt crises africa needs deliver five key areas drive action cut emissions crisis support framework fulfill glasgow promises global stocktake
188,2_sheikh_sharm_el_summit,pleased sharm el sheikh egypt first engagement h e president current chair in office discussed importance cop commonwealth countries explored strategies enhance climate finance access 
189,0_climate_must_change_world, destruction amazon accelerating almost point return '' lungs world destroyed eyes there planet b time waste 
190,5_private_jets_cola_coca,us climate envoy john kerry calls dramatic carbon cuts climate summit below completely unrelated photo nice private jet
191,-1_climate_minister_world_president, day go kick tomorrow gmt stay tuned updates 
192,-1_climate_minister_world_president,shameful forced attending britain leader fixing climate crisis reluctant follower 
193,0_climate_must_change_world,first time ever un climate negotiations finance made onto agenda historic moment small island nations raising issue years happened concerted push developing countries
194,0_climate_must_change_world,care fixing need change course pretending proper technological answer currently exists implemented lack willpower reckless misleading my essay
195,0_climate_must_change_world, longer wait cost '' agreed 
196,2_sheikh_sharm_el_summit,prime minister mohammad shahbaz sharif arrived sharm el sheikh egypt participate sharm el sheikh climate implementation summit ''
197,-1_climate_minister_world_president,civilisation finished looks like comes next thats come inmy new short film ashes written directed animation director martyn pick please watch rt 
198,-1_climate_minister_world_president,world tour continues holiday local councillor pal along ride expense 
199,3_alaa_strike_prison_water,sanaa way attend raise case many think risky move absolutely right choice water strike limited days save him the risk losing forever outweighs
200,0_climate_must_change_world, million children live south asia epicenter climate crisis witnessed record amount climate induced devastation as world leaders meet needs conference commitments 
201,0_climate_must_change_world,rishi u turning bad sign leadership comewe leader whose anchor drifts political winds
202,0_climate_must_change_world,global warming seen opportunity oil drilling according us cables published julian assange prosecuted including part plans carve arctic oil gold uranium extraction link 
203,4_cop_today_due_work,live pavilion join cop business delegation critical climate focused discussions action let 's pioneer possible full program 
204,2_sheikh_sharm_el_summit, days go world meets sharm el sheikh present future planet stake transformative action delayed 
205,0_climate_must_change_world,head must put people justice center addressing climate crisis must take care people must take care vulnerable communities must take care planet generations still come 
206,3_alaa_strike_prison_water,alaa abd el fattah democracy activist british citizen whos prison egypt years faced persecution psychological torture authorities egypt days away stood sister say govt must urgently act
207,-1_climate_minister_world_president,remember back wrote pink ink king charles non attendance reply 
208,0_climate_must_change_world,arrived safely ahead climate conference were proud lead nations climate change negotiations address one pressing existential threats mankind climate crisis 
209,3_alaa_strike_prison_water,barely started recommendations already adopted would seriously undermine integrity last night supervisory body finalised recommendations regarding removals '' things know outcome 
210,2_sheikh_sharm_el_summit,president abdel fattah el sisi un chief antonio guterres receive ethiopian prime minister abiy ahmed participates cop meetings sharm el sheikh 
211,-1_climate_minister_world_president, exit pakistan '' ab bolo patriots road 
212,-1_climate_minister_world_president,experts britain siberian climate 
213,3_alaa_strike_prison_water,gravely urgent alaa abd el fattah british citizen months labourhave pressed government secure release rishi sunak must use visit egypt bring alaa home 
214,0_climate_must_change_world,power image connecting dutch cultural heritage climate change sealevel rise urgency act limiting global warming climate adaptation image via
215,4_cop_today_due_work,morning formally opened brought cop presidency closei fully recognise scale challenge ahead remain hopeful know need time deliverread speech
216,0_climate_must_change_world,world leaders unite next days sobering reminder south asia one million children living region affected least one climate environmental hazard shock stress 
217,0_climate_must_change_world,'good news ' according 'loss damage ' claim proposal 'd suggest uk citizen hit c bn cuts public spending 
218,2_sheikh_sharm_el_summit,live world leaders gathering sharm el sheikhfor day world leaders summit 
219,0_climate_must_change_world,officially starts today work towards achieve unlock progress keep conversations going make sure world leaders know demand climate action empty promises 
220,0_climate_must_change_world, wraps successfully ahead year egyptian cop presidency delivers first ever youth led young future generations day co created hosting youth pavilion owned entirely young people 
221,-1_climate_minister_world_president,first minister chaired meeting environmental council yesterday bringing together international experts discuss issues affecting climate environment ahead council 
222,-1_climate_minister_world_president,fossil fuels taken planet less billion people billion co emissions slight warming made earth greener ever greens hate tells need know 
223,1_egypt_climate_crisis_russia,attended spain 'm attending egypt nothing change two changing are insects gone wildlife gone forest gonebreathing clean air become luxury 
224,0_climate_must_change_world,nicola sturgeon 's selfies already begun self regarding shallow politician scotland first minister 
225,0_climate_must_change_world,forests available cost effective solution is countries need mobilize funds gigaton reduction emissions protecting restoring info 
226,0_climate_must_change_world,good boris johnson interrupt holiday go carry holiday
227,-1_climate_minister_world_president,officially started agenda good start germanys toughest delegate picked job fighting hardest red lines accepting compromise safe future 
228,0_climate_must_change_world,looks like nicola sturgeon taken strategic adviser liz lloyd well the taxpayer bill carbon footprint lot bigger thought 
229,0_climate_must_change_world,taking place gives us high hopes african cop deliver significant progress implementable climate actions issues priority developing countries 
230,2_sheikh_sharm_el_summit,dates saudis flagship climate eventsheld sidelines announced middle east green initiative summit nov saudi green initiative forum nov 
231,0_climate_must_change_world,busiest person nicola sturgeon 's photographer 
232,0_climate_must_change_world,anyone heard queen nicola sturgeon getting 
233,4_cop_today_due_work,delighted arrival baby several us nurtured trying times past three years honor work inspiring group academics activists artists poets aabout pursuits india beyond 
234,2_sheikh_sharm_el_summit,made coral films shown sharm el sheikh yes ecosystems brink destruction also get save happens counts waiting 
235,1_egypt_climate_crisis_russia,pity actual environment secretary recently dismissed gathering people egypt doubt shell drinking permanent cup trying spin way one better 
236,0_climate_must_change_world,past years track th warmest extreme heatwaves drought devastating flooding affected millions cost billions year disastrous glacier melt negotiations must consider
237,2_sheikh_sharm_el_summit,delighted sharm el sheikh thank egypt hosting call cop lot work lets get going 
238,3_alaa_strike_prison_water,already round matter ends free horror sisi 's prisons us suffer great loss family world including egyptian british govs even n't see 
239,-1_climate_minister_world_president, when years old saw landslides killing many people due harsh weather conditions images disturbed allow rest something done changing climate suffered 
240,0_climate_must_change_world,rishi sunak delivering bn pledges nairobi kenya pakistan somalia goes 'officially ' become world 's piggy bank sunak 's ignoring voter base 
241,1_egypt_climate_crisis_russia,thrilled egypt following fossil fuels protests big pledges deforestation methane adaptation etccome say hello media zone
242,0_climate_must_change_world, days go world leaders negotiators experts members civil society youth across globe convene sharm el sheikh goal mobilizing global climate agenda 
243,5_private_jets_cola_coca, november november sharm el sheikh egypt sponsored coca cola worlds top plastic polluter produce billion throwaway plastic bottles year currently private jet hub global leaders showcase hypocrisy 
244,0_climate_must_change_world,seeing week thinking earth '' n't worry 've got covered 's quick breakdown everything need know 
245,1_egypt_climate_crisis_russia,im invited speak prestigious iim calcutta th november tedx event unfortunately cant make due egypt and also tedxabesec event abes engineering college ghaziabad th november im deeply regretted 
246,1_egypt_climate_crisis_russia,'ll hear egypts new fossil fuel projects pollution scandals mass evictions arrests surveillance locals climate summit rampant media censorship continued human rights crisis regimes jails
247,-1_climate_minister_world_president,foreign minister pakistan visited pakistan pavilion along pm secretary general says world must join hands climate justice 
248,0_climate_must_change_world,urged govt back global fossil fuels registry useless reply minister fails acknowledge govts already plan produce double fossil fuels consistent cnew oil gas wo n't solve
249,0_climate_must_change_world,pictures china parts yangtze worlds third largest river dried historic drought summer 're time wait 
250,-1_climate_minister_world_president,coming two weeks tweeting un talks hope tweets tell positive results scaled ambition fear frustration worries follow tweets want know goes
251,0_climate_must_change_world,approaches remember single important image watch try make electric cars 
252,0_climate_must_change_world,switzerland 's glaciers lost half total volume less century we 're time waste 
253,-1_climate_minister_world_president,prime minister also endorsed secretary generals call climate justice climate solidarity 
254,-1_climate_minister_world_president,begins hourfollow opening ceremony live
255,-1_climate_minister_world_president,kids courting arrest kids future respect love gratitude
256,0_climate_must_change_world,lets hope marks end influence climate diplomacy idiotic person 
257,-1_climate_minister_world_president,unconscionable uk still cop president breaks promise help climate vulnerable countries 
258,4_cop_today_due_work,go hotel debacle last night 've made conference centre i 'm two weeks share tips including horror hotel stories come say hi dms open 
259,0_climate_must_change_world,intriguing retweet 
260,-1_climate_minister_world_president,first minister today call world leaders deliver commitments made glasgow climate pact attends first full day climate conference egypt 
261,0_climate_must_change_world,finally arrived things energy transition fossil fuel phase next days
262,0_climate_must_change_world,know pollinators help minimize impact climate change food security diversity 
263,0_climate_must_change_world,youre going bring down the disruption end government ends new oil gas support us
264,0_climate_must_change_world,looking forward important discussion convened president kenya know done right ecosystem restoration works reduction critical tool accelerate implementation 
265,1_egypt_climate_crisis_russia,way annual un climate negotiations egypt remind global governments world isnt energy crisis fossil fuel crisis 
266,1_egypt_climate_crisis_russia,safely reached cairo egypt heading shortly sharm el sheikh city we call governments establish fund developing countries implement climate financing pledges 
267,3_alaa_strike_prison_water,sanaa made safely sharm elsheikh attend event tomorrow wt german climate convoy let 's hope makes safely prison well soonall ask end chapter family together safe
268,1_egypt_climate_crisis_russia,productive call egyptian foreign minister sameh shoukry underscored appreciation egypts climate leadership egypt prepares host commitment deepening u s egypt strategic partnership 
269,1_egypt_climate_crisis_russia,president arrives egypt hes proposing south american summit defense recovery amazon 
270,-1_climate_minister_world_president,beyond scotland lead example world leading climate targets global leader renewable energy first nation world launch climate justice fund watch explain scotland playing part world stage 
271,1_egypt_climate_crisis_russia,kerem going egypt talk climate change environment 
272,0_climate_must_change_world,need global climate leadership removing climate ministers cabinet delaying cumbria coal mine decision fossil fuel subsidies despite screeching u turn sunak climate leaderme
273,0_climate_must_change_world,hes going then hes either going believes save planet hes going boris 
274,4_cop_today_due_work,hey rashee sanook couple thoughts cop car pool public transport zoom facetime streamyard less planes less attendees less assistants assistants 
275,0_climate_must_change_world,moved us dangerously close irreversible tipping points 's time reverse course there planet b time waste 
276,0_climate_must_change_world,errrrso many smart humans going wonder solutions coming
277,1_egypt_climate_crisis_russia,highway climate hell foot still accelerator at climate conference egypt calls urgent 
278,0_climate_must_change_world,young people everywhere demanding action decision makers tackle climate emergency ahead youth climate advocates tell us means them their voices go unheard 
279,-1_climate_minister_world_president,planning schedule wanted let know posting events 'm participating live streamed watch anything know might let know 
280,0_climate_must_change_world,climate conference starts today im participating youth delegate it crucial cop delivers keeping target alive agrees phasing fossil fuels requires scale green financing ensure
281,1_egypt_climate_crisis_russia,president meets emmanuel macron egypt 
282,2_sheikh_sharm_el_summit,almost men summit 
283,0_climate_must_change_world,releasing report estimate countries rely unrealistic amount land based removal meet climate pledges bn ha land total equal global cropland full report tomorrow summary gt 
284,-1_climate_minister_world_president,'s officialloss damage agenda matters relating funding arrangements addressing loss damage '' 
285,0_climate_must_change_world,tomorrow address opening session resilience frontiers un climate summit n't miss speech speech carry silent tears millions innocent children world victims climate crisis 
286,0_climate_must_change_world,climate progress separated political rights protect habitable planet unless free fight greenwashing police state fascism march around world must forcefully resisted 
287,-1_climate_minister_world_president,defining crisis time saw world distracted making progress refocus regain momentum my message talking media sharm el sheikh today 
288,4_cop_today_due_work,simple passengers obligation deliver receive
289,0_climate_must_change_world,'wikileaks cables reveal us manipulated climate accord ' 
290,-1_climate_minister_world_president,dear world leaders invite visit health pavilion humanity moment swift protect lungs brains hearts overall health well being 
291,-1_climate_minister_world_president,king championed action sustainable future years today hes hosting reception buckingham palace ahead egypt guests expected discuss ways public private partnership help tackle climate change pa
292,4_cop_today_due_work, officially began today ceremonial opening taking place plenary morning already seen significant developments summary day one 
293,0_climate_must_change_world,'s menu ignoring fact goes hand hand mass trillions gallons water usage could always opt sea bass help contribute towards ocean dead zones 
294,-1_climate_minister_world_president,loss damage finally formally adopted plenary agenda item never allowed formally tabled kudos teams talks ensure common ground crucial first step
295,-1_climate_minister_world_president,impressions day photos conference flickr account
296,5_private_jets_cola_coca,every tinpot dictatorship whose citizens happily burn car tyres keep warm winter demanding billions western taxpayers climate reparations '' which receive spend diamond encrusted learjets you 're farmed 
297,0_climate_must_change_world,anti tories utterly lost marbles billion mini budget designed help brits get similarly annoyed billion international climate finance weve pledged rest world utter out of touch madness
298,0_climate_must_change_world,sunak giving bn pakistan somalia whilst getting george osborne jeremy hunt implement huge austerity britain dont think need tell timeline exactly think bullsh isnt funny anymore 
299,-1_climate_minister_world_president,pleased meet friend cooperation key face difficult challenges time standing common values protecting citizens energy crisis 
300,0_climate_must_change_world,nuclear energy place table world needs 
301,0_climate_must_change_world,boris johnson wanging climate change us plebs ill take opinions large pinch salt flew back london cop climate summit glasgow private jet go dinner private members club 
302,2_sheikh_sharm_el_summit,begins sharm el sheikh mary robinson explains world time empty words hollow pledges calls urgent 
303,-1_climate_minister_world_president,need go beyond deal elephant room senegal behalf least developed countries group 
304,3_alaa_strike_prison_water, undrr calls member states support vision take 
305,0_climate_must_change_world,monarch butterflies among north america 's iconic species populations already declined gt if nature goes taking us 
306,-1_climate_minister_world_president,new study estimates carbon footprint investments world 's richest billionaires spoiler alert 's big big 
307,3_alaa_strike_prison_water,egypt hosts lets forget estimated political prisoners held join calls release alaa abd el fattah hunger strike right also want shine light prison uk thread 
308,-1_climate_minister_world_president,good news belgium following denmark scotland wallonia allocating funds climate induced
309,0_climate_must_change_world,un climate change conference opened today key aim ensuring full implementation paris agreement central focus areas transformational shift implementation progress critical workstreams delivery transparency accountability
310,5_private_jets_cola_coca, countries agreed improve emissions cutting pledges time two dozen countries far done polluting talking shop many arrive private jets talk cutting co emissions hypocrisy 
311,-1_climate_minister_world_president,join tomorrow 's rwanda twitter space accelerating green investment rwanda jean claude iliboneye moderated angelique karekezi set reminder 
312,2_sheikh_sharm_el_summit,friendship italy jordan long standing roots cherish wish strengthen honored meet majesty king abdullah ii royal highness crown prince al hussein sidelines
313,-1_climate_minister_world_president,needs recognize loss damage experienced pakistan needs define clear roadmap deal said today joint press encounter
314,0_climate_must_change_world,takes brass neck tory politician attack fm going conference climate change world 's top priority chaotic said said maybe said yes 
315,-1_climate_minister_world_president,world leaders meeting egypt talk climate change parking jets burn jetfuel contribute climate crisis canadian liberals burnt million litres jetfuel last years say hypocrites
316,2_sheikh_sharm_el_summit,arrived sharm el sheikh conference centre afternoon well make address th conference parties climate change remains committed promoting encouraging economic activities climate smart 
317,-1_climate_minister_world_president,alert stories bloomberg green aka outside paywall nov service readers read coverage content free next weeks 
318,0_climate_must_change_world,hi made thank accreditationand supporting trip media engagement climateandmigration meaningful african youth engagement contact nrosekobusinge
319,0_climate_must_change_world,'m old enough remember boris johnson 's contribution cop 
320,2_sheikh_sharm_el_summit,arrived sharm el sheikh important days ahead many countries contribute least climate change bearing brunt impact leaders responsibility drive climate delivery sustainable future planet people alike 
321,0_climate_must_change_world,today launching climate change summary 
322,0_climate_must_change_world,climate change wont wait must act today countries around world meet increase efforts global climate action leading way aims make eu climate neutral 
323,0_climate_must_change_world,voices women girls must central climate negotiations must listen young people seen felt impacts climate change simon stiell executive secretary opening remarks
324,1_egypt_climate_crisis_russia,wonder someone attending tell egypts sisi called world end war russia invading ukraine russia ukraine crisis 
325,0_climate_must_change_world,tomorrow begin campaign speaking canada news uk urge world leaders take concrete climate action save future last hope us decide life death 
326,0_climate_must_change_world,'re climate emergency 're staring catastrophe face sunak shirks real climate leaders keeping fossil fuels ground securing transition liveable future interview
327,3_alaa_strike_prison_water,sisis mouthpiece ahmed mousa says alaa abdelfattah political prisoner claims alaa kidnapped police officer took weapon responding international campaigns releasing alaa mousa says egypt n't accept international calls 
328,-1_climate_minister_world_president,kia ora friends youre heading today please show solidarity disabled chronically ill immunocompromised colleagues like wear highly rated mask throughout day keep us safe counting 
329,-1_climate_minister_world_president,panel mobilising finance climate health titled leaders lead moderated w h e prime minister barbados first minister scotland egyptian minister economic development
330,1_egypt_climate_crisis_russia,ca n't believe 'm attending egypt this first ever global '' assignment 'm thoroughly excited path science journalism taking hoping learn veterans tell africa 's stories hope face 
331,0_climate_must_change_world, companies make bn dollars profits last three months expect contribute least cents every dollar profit fund people expect '' world leaders summit 
332,-1_climate_minister_world_president,prime minister day leader devolved administration council leader tow days strange true
333,0_climate_must_change_world,year ago world leaders agreed phase '' coal since consumption set records 
334,-1_climate_minister_world_president,nepal one climate leaders south asia joined global methane pledge gmp climate clean air coalition ccac hope countries follow lead 
335,0_climate_must_change_world,children youth pavilion please visit explore first kind initiative heard voices children youth un climate summit 
336,-1_climate_minister_world_president,world 's lungs breathed sigh relief lula rt breathed sigh relief
337,0_climate_must_change_world,three points apocalyptics predicted snows kilimanjaro would disappear nope predicted glacier national park glaciers would gone nope nope alarmist prediction ever come true 
338,0_climate_must_change_world,start kicked annual festival takes people n't really think climate change problem eleventy hundredth time thread arguments reckless point genuinely dangerous 
339,4_cop_today_due_work,started exciting meet amazing learn incredible initiatives pavilion
340,0_climate_must_change_world,starts tomorrow govt must remember could cost bn year yet rich countries utterly failing pull weight must provide finance bring climate justiceme
341,0_climate_must_change_world,climate policy factbook w reveals g member countries increased support coal oil gas fossil fuel power ahead countries must held accountable commitment paris agreement 
342,-1_climate_minister_world_president,time last year one scientists arrested peaceful protest 's clip wet explaining reason took part action year later governments still failing
343,0_climate_must_change_world,new kerry says amlo soon make announcement presumably raising mexico 's climate goals spent great dealworking countriesto get raise ndcs major announcement president lpez obrador agreed
344,-1_climate_minister_world_president,made 'm keeping particularly close eye climate finance give shout want chat grab coffee come find gang office upper floor media centre
345,0_climate_must_change_world,climate nature two sides coin solve one without other at alongside continuing commitments deep cuts emissions countries put nature agendas together tackle reverse nature loss 
346,-1_climate_minister_world_president,melting pearl mountains 
347,0_climate_must_change_world,seems important wurrld leader missing great photo opportunity 
348,0_climate_must_change_world,two points 's warming years despite total emissions warmest 'modern times ' warm earlier like years ago coal plants suvs cheeseburgers climate hoax 
349,2_sheikh_sharm_el_summit,starting sunday hosting global climate summit since 
350,0_climate_must_change_world, analysis finds stopping expansion offshore drilling help prevent worst impacts climate crisis 
351,0_climate_must_change_world,finance vital hurricanes irma maria dominica cost countrys gdp crops destroyed grant shapps says uk agrees theres discussion had but need words finance needs table 
352,1_egypt_climate_crisis_russia,colleague working team trusted journalists lawyers scholars activists ground egypt collecting stories testimonies outside green bubble 
353,0_climate_must_change_world,countries serious climate actionthe would ban new oil gas coal drillingban fossil fuel subsidiesban deforestationban draining wetlandsban private jetsban new airports roads expansionsration air travel
354,0_climate_must_change_world,think climate emergency much emergency everybody seems think claire fox scientist could stopped think '' 
355,-1_climate_minister_world_president,charles grade a hypocrite environment represents worst polluters 's expert 's good advocate 's government official negotiate nations business going
356,0_climate_must_change_world,rishi sunak really need go world leader word frankly n't hear 
357,2_sheikh_sharm_el_summit,king hosted reception buckingham palace discuss tackling climate change global leaders prepare summit sharm el sheikh egypt 
358,0_climate_must_change_world, building progress made glasgow tackle climate crisis every country aligns commitments goal limiting warming c implement plans 
359,2_sheikh_sharm_el_summit,prime minister mohammad shahbaz sharif arrived sharm el sheikh egypt participate sharm el sheikh climate implementation summit ''
360,0_climate_must_change_world, together youth climate advocate germany climate crisis urgency taking 
361,0_climate_must_change_world,intervention causes affects rights millions people crisis requires every voice every effort every solution especially needs frontlines 
362,0_climate_must_change_world,planet telling us loudly clearly reached limit climate action must top global priority 
363,0_climate_must_change_world,remotely convinced sunak urging world leaders summon collective cap global rise temperatures didnt want go summit plans use half already reduced foreign aid budget home words vs actions times 
364,-1_climate_minister_world_president,many places earth every breath person takes polluted rt agree put end fossil fuel addiction 
365,-1_climate_minister_world_president,thinking starts stay strong dear one may never defeated 
366,0_climate_must_change_world,kind reminder world leaders conference promises this must conference commitments our children need climate justice 
367,0_climate_must_change_world,decarbonisation means phase out fossil fuels path actually succeed protecting climate communities opening press conference sharm el sheikh talks must strengthen references fossil fuels 
368,0_climate_must_change_world,young people moved front global agenda yesterday thanked youth delegates gathered sharm el sheikh hard work asked support aswe start pushing climate promises page action 
369,2_sheikh_sharm_el_summit,on site ready un climate conference sharm el sheikh egypt here 's everything need know
370,4_cop_today_due_work,proud security officers flew vienna sharm el sheikh contribute protection k in person particpants standing guard long hours ensure safety a big thank 
371,0_climate_must_change_world, longer horizon longer doorstep homes the world must urgent accelerated action stay tuned regular updates unep 
372,-1_climate_minister_world_president,sets milestone mobilizing funds pay equivalent one gigaton high quality emissions reductions yearly thereafter join us nov learn live link 
373,0_climate_must_change_world,despite goals set paris agreement support fossil fuels g nations reached highest level since ahead climate policy factbook outlines critical steps needed meet climate goals 
374,2_sheikh_sharm_el_summit,prime minister muhammad shehbaz sharif meets united nations secretary general h e antonio guterres sidelines cop 
375,0_climate_must_change_world,delighted attending completely agree comment long term prosperity without action climate change
376,2_sheikh_sharm_el_summit,prime minister shehbaz sharif left egypt participate sharm el sheikh climate implementation summit ''
377,2_sheikh_sharm_el_summit,un climate conference kick sharm el sheikh egypt every government every business every investor every institution everybody must commit much faster bolder protect planet future 
378,0_climate_must_change_world,rwanda climate change leader dedicated delivering ambitious climate commitments today met minster foreign affairs discuss helping gain access climate finance strengthen climate commitments 
379,0_climate_must_change_world,sunak asked johnsons presence said showed uks great commitment present past pm normal union equals would also included mention scotlands fm bring even 
380,3_alaa_strike_prison_water, overshadowed egyptian government 's imprisonment friend comrade alaa abd el fattah stopped drinking water part hunger strike son khaled dodo went sit in alaa aunt 
381,2_sheikh_sharm_el_summit,tomorrow eyes world sharm el sheikh kicks next two weeks world leaders negotiators come together ensure promises made glasgow cop kept built upon 
382,0_climate_must_change_world,decisions next two weeks define future humanity unprecedented action able change course crisis 
383,3_alaa_strike_prison_water,shattering news alaa either free next days die prison world watches family friends done everything possible work release hero jail sharing facebook post torture 
384,-1_climate_minister_world_president,beautiful amazing brother choice made moves forward knowing already battle irrespective written last page
385,-1_climate_minister_world_president,public private partnerships core effective response climate emergency official negotiations cop open door new business models economic incentives scientific innovations president kagame terra carta action forum
386,0_climate_must_change_world,ca n't researchers arsed brief ca n't arsed find question another wee pop elected head scotland 's government defined formal role 
387,0_climate_must_change_world,insouciant arrogance telling joe biden emmanuel macron busy pressing domestic issues ignores much needs get planet killing venal libertarian bastards office 
388,-1_climate_minister_world_president,commitment sustainability core purpose values want partner feel learn addressing urgent climate challenges delivering ambitions and ambitious
389,0_climate_must_change_world,finance agenda adopted without rich countries bullying poorer nations agree language protect historical polluters compensation liability nevertheless new chapter fight begins 
390,3_alaa_strike_prison_water, pm cairo time mama laila soueif still waiting since morning infront prison letter still sign anything could tell us fine hospitalised let alone alive wait pray
391,0_climate_must_change_world,finland important implementation paris agreement progresses decisions based recent scientific research pm delivered finland 's statement full text statement 
392,0_climate_must_change_world,boris johnson th holiday year finished already 
393,0_climate_must_change_world,rishi sunak attend cares environment tories bad things everyone notices 're forced u turn 
394,0_climate_must_change_world,hold hat theyve started climate change brainwashing new pandemic every day every tv station every radio station expect arguments friends family gon na tremendous bore
395,0_climate_must_change_world,stay course abroad we invest energies future work partners climate adaptation help restore forests we provide largest contribution climate finance billion 
396,0_climate_must_change_world,difference spent whole life trying save amazonian forest fight climate change whereas cant even bothered show face
397,0_climate_must_change_world,'s estimates billion people cities risk extreme heat food insecurity sea level rise poverty due impacts 's imperative countries work together drive
398,0_climate_must_change_world,guten morgen aus must everything ensure liveable future beautiful planet generations come 
399,-1_climate_minister_world_president,good hear attending need strong advocate show leadership vital role nature play dealing climate crisis pm also attend global nature summit montreal next month 
400,3_alaa_strike_prison_water,today going weekend visited sanaa sister alaa abd el fattah political prisoner hunger strike days egypt cop begins escalate water strike climate movement must stand solidarity
401,5_private_jets_cola_coca,voters stupidest mugs planet played gang gravy bus troughers quote
402,0_climate_must_change_world,nations come together cooperate theres always cause hope declares sunak unironically its many us hate brexit self harming isolationism 
403,1_egypt_climate_crisis_russia, one thing certain give sure lose lets fight together lets win egypt stresses human activity cause climate crisis also solution 
404,3_alaa_strike_prison_water, yet defeated '' sharing foreword alaa abd el fattah 's brilliant book wrote prison turns gave rallying cry 
405,0_climate_must_change_world,planet trouble looks like science undeniable time waste protect planet 
406,4_cop_today_due_work,friends cop advised written ministers today underlining importance attendance honouring commitments building solidarity trust drive recovery prosperity security inclusion
407,0_climate_must_change_world,fact countries least responsible climate change ones warming fastest children paying highest price developed countries must urgently deliver climate commitments expand funding climate adaptation 
408,0_climate_must_change_world,sad story need take action towards mitigation effects climate change
409,0_climate_must_change_world,good morning beautiful sunny whole world ready next weeks well finding solutions putting plans action future 
410,0_climate_must_change_world,world leaders talk warming climate talk affects mental health cope thursday th pm cet hosted
411,0_climate_must_change_world,sunak presumably told johnson staging photo opportunity outside 
412,3_alaa_strike_prison_water,climate justice nothing without racial social economic justice ahead govt must ensure release alaa abd el fattah british citizen father brother writer activist yrs unlawful imprisonment egyptme
413,0_climate_must_change_world,warning viable path left c climate target uganda risk investing loan nearly billion eacop climate bomb our economic devt clean possible maximumly efficient cut ghg emissions 
414,3_alaa_strike_prison_water,great work nail ex junkie psychopath dangerous deranged people need locking
415,2_sheikh_sharm_el_summit,prime minister shehbaz sharif met un secretary general sidelines cop summit held sharm el sheikh today 
416,4_cop_today_due_work,welcoming special way
417,0_climate_must_change_world,ever rising greenhouse gas emissions supercharging extreme weather events across planet at today un chief unveiled plan provide everyone earth early warnings extreme dangerous weather 
418,-1_climate_minister_world_president,gets underway starting pakistans first info series covering environment economics public policy around world works watch episodes
419,1_egypt_climate_crisis_russia,starts today egypt biden attending despite tough mid term attending xi putin modi 
420,0_climate_must_change_world,wonder many times 're going hear lie scotland produces almost electricity renewables fortnight leadership would taking opportunity spotlight correct record 
421,-1_climate_minister_world_president,fm joined prime minister barbados dr hala el said panel discussion they focused role public private economic development mitigation adaptation 
422,1_egypt_climate_crisis_russia,kicks egypt hearing lots calls action weve calling action nearly years delegates urge go sea put heads water see whats stake 
423,2_sheikh_sharm_el_summit,'s pleasure attend met cop we ready amplify voices young people n't make sharm el sheikh 's time put things action 
424,-1_climate_minister_world_president,african countries need speak one voice make collective demands 's outline africa 's priorities sharm el sheikh 
425,-1_climate_minister_world_president,show us weak pmtail wagging dog
426,0_climate_must_change_world,new reports synthesis report report greenhouse gas bulletin world energy outlook navigating energy transitions
427,-1_climate_minister_world_president,might one morally bankrupt events recent historyrich elites war criminals fly private tourist enclave military dictatorship tell countries reduce consumptionthe good news see right
428,2_sheikh_sharm_el_summit,uae president hh sheikh mohamed bin zayed meets world leaders including israeli president h e british pm
429,-1_climate_minister_world_president,live watch press conference un climate change executive secretary cop president sameh shoukry 
430,-1_climate_minister_world_president,wondering cost send contingent lets talk accountability property taxes going next years 
431,2_sheikh_sharm_el_summit,sharm el sheikh implementation summit scis kick today pm gmt tune livestream 
432,0_climate_must_change_world,implementation focal point years roundtable discussion food security '' brought together climate experts break ways must actively carry on ground action relation building resilient agriculture systems 
433,-1_climate_minister_world_president,historic floods pakistan killed people rain usual pakistan produces less global carbon emissions one countries vulnerable climate crisis many 'historics ' 
434,2_sheikh_sharm_el_summit,photos president egypt global climate change conference met kenyan counterpart william ruto sunday 
435,1_egypt_climate_crisis_russia,distraction egypt frontlines climate crisis heatwaves sea level rise without focus justice future one technical fixes expense livable environment egypt worlds majority 
436,4_cop_today_due_work,today pleasure meeting incredible team volunteers their operational support critical ensuring successful outcome without hard work cop would possible 
437,0_climate_must_change_world,africa change longer threat reality think effect climate change addressed well 
438,-1_climate_minister_world_president,coz got fight green war follow passion add voices contribute solving global community challenges the th united nations climate change conference starts nov nov sharm el sheikh egypt 
439,0_climate_must_change_world,climate conference kicks end week many journalists touch data facts reporting here key resources hopefully help understand global emissions energy climate
440,0_climate_must_change_world,eastern european activists confronted asked commissioner worrying new gas investments eu making urged fight renewable expansion instead making fossil deals fight fire fire 
441,0_climate_must_change_world,expand access clean affordable energy cut carbon emissions time 
442,-1_climate_minister_world_president,new generation sadc leadership 
443,0_climate_must_change_world,agroecology set principles practices enhances resilience sustainability food farming systems preserving social integrity 
444,-1_climate_minister_world_president,amazing see scotland represented world stage looking forward seeing scotland globally continue push climate action 
445,-1_climate_minister_world_president,going start selling maldives soon maldives water years ago according numpties sharm el sheikh
446,-1_climate_minister_world_president,approach served rwanda well citizens bordering national parks benefit facilities services financed sustainable tourism revenues president kagame one planet event hosted president france sidelines
447,2_sheikh_sharm_el_summit,glad meet first woman serve prime minister italy today sharm el sheikh first day 
448,0_climate_must_change_world,climate change already causing migration soon cause vastly weirdly ironic sunaks real purpose going bend macrons ear channel crossings 
449,0_climate_must_change_world,concentrate minds attendees like doubtful this need billion climate activists 
450,4_cop_today_due_work,invites attendees visit sgi gallery immersive exhibition connects action innovation investment if cop stop see ksas green transition unfolding eyes 
451,-1_climate_minister_world_president, new brief based approach addressing look like key demands outcomes intersection get english french spanish arabic 
452,3_alaa_strike_prison_water, cairo marks hrs without water months restricted calories strike week full hunger strike day water begins
453,0_climate_must_change_world,told 's enough rishi sunak attend global climate talks it 's time real action needs scrap new oil gas fields need massive push renewables nine times cheaper 
454,0_climate_must_change_world,five teenagers arrested whitehaven coals newcastle office demanding cease disist coal expansions young people fight protect future copping 
455,0_climate_must_change_world,adaptation heart 's reading adaptation gap report transition paris living planet report th assessment report accounts climate crisis state trends adaptation 
456,0_climate_must_change_world, world leaders committed halting reversing forest loss land degradation a new forests climate leaders ' partnership launched today designed deliver essential goal watch video find
457,0_climate_must_change_world,media serious climate change speak climate scientists researchers focus climate activists climate denialists far right using climate activists ' statements undermine threats climate change 
458,-1_climate_minister_world_president, first edition time deliver human rights degrees safeshameful ambition gapget copy also spanish 
459,-1_climate_minister_world_president,significant milestone at president kagame launched rwandas new green investment facility facility provide financial services quality green investments foster private sector led green growth 
460,1_egypt_climate_crisis_russia,way annual un climate negotiations egypt 
461,2_sheikh_sharm_el_summit, proud hosting regenerative finance event year tamuwa park regency resort sharm el sheikh 
462,0_climate_must_change_world,let see 've got right us uk potentially austerity measures placed us autumn budget yet sunak happy bung ms countries wtaf 's 'money ' coming 's priority 
463,-1_climate_minister_world_president,checked pakistan pavilion looking forward panel discussions especially focusing
464,-1_climate_minister_world_president,kicks today need renewed ambitionaccelerationsolidaritycommitments climate justice
465,0_climate_must_change_world,fight war fight climate change ca n't fight war climate change time 
466,1_egypt_climate_crisis_russia,ultimate feelgood token beach lowered buy tax recognition rep currently egypt there isnt team earth much planet info 
467,0_climate_must_change_world, radio panel talking the labour mp said important serious reparations ie agreed said pleased set loss damage fund rich countries blocked
468,4_cop_today_due_work,hasnt formally opened yet plenty hard work among parties agree agenda start conference right footalways joy work team especially brilliant deputy alison campbell 
469,-1_climate_minister_world_president,pakistan pavilion starts bang today one unsg visited speak climate impacts pm fm also visited 
470,0_climate_must_change_world,yep isnt mad nicola sturgeon susan aitken swan homeless people kids lining freezing street hot meal could eradicate outrage 
471,0_climate_must_change_world,head drought kenya means million kenyans food insecure state emergency children affected million livestock dead pregnant lactating mothers need aid elephants deadwe need 
472,0_climate_must_change_world,'re still way track cbut let 's lose sight massive progress 've made since paris pre paris agreement heading c warmingnow 's cor c pledges met
473,0_climate_must_change_world,witnessing devastating right climate inaction led us here thanking people far signed letter world leaders demanding climate justice loss damage finance facility letter 
474,0_climate_must_change_world,absolutely ragin asked couldnt zoom total rage face
475,-1_climate_minister_world_president,pleased meet new uk prime minister today discussed deepening nations ' excellent relations economic climate ventures also talked security challenges chiefly iranian nuclear program 
476,0_climate_must_change_world, call parties take urgent action bring greenhouse gas emissions comply paris agreement climate change wont wait single day us 
477,4_cop_today_due_work,touchdown job well done welcoming tired travelers near far finally ready connect inspiring passionate voices committed ways looking forward seeing friends
478,0_climate_must_change_world,planet crying ambitious climate action save future generations needs pave way speedy green transition adequate adaption plans turning mitigation targets actionwe running time avoiding climate catastrophe still within reach
479,0_climate_must_change_world,starts today it historic opportunity put front center climate change discussions we must make count people planet 
480,0_climate_must_change_world,yet oil industry brought humanity biggest delegation last year cop probably year maybe scientists biggest show cop eh 
481,0_climate_must_change_world,global mean sea level rise rate doubled since rose nearly mm since jan new record high rise continue threatening millions coastal dwellers followers 
482,-1_climate_minister_world_president,regimes critics able get many egyptians r vetted regime rampant surveillance speak extreme danger rights groups warn severe crackdown
483,-1_climate_minister_world_president,n't even want go hypocrite 
484,0_climate_must_change_world,laura kuenssberg opens asking afford tackle climate crisis '' either lazy journalism gb news lite dismissal way date midst climate crisis 
485,0_climate_must_change_world,sunak going boris johnson
486,0_climate_must_change_world,nicola sturgeon need person 
487,-1_climate_minister_world_president,happy fighting we win 
488,3_alaa_strike_prison_water,'s dark prison locked services left nothing mama ragia family friend remain officers well although n't appeared hours still waiting letter worrying top everything else
489,-1_climate_minister_world_president,tune tomorrow november th gmt watch opening ceremony live live stream 
490,3_alaa_strike_prison_water,modest suggestion make sure british citizen pro democracy activist alaa abd el fattah sisi 's dungeon reunited family london arrive wo n't hear end 
491,0_climate_must_change_world,globalist unelected pm squatting mandate n't 's spaffing millions money away cronies plebs '' look say f voted 
492,4_cop_today_due_work,kicks hours participate drive conversation climate related worktake stock discussed cop advocate key recommendations aligned au eu partnership
493,0_climate_must_change_world,nicola sturgeon devolved administrator her remit internal domestic matters seriously wtaf like sending joey essex nasas planetary mechanics convention 
494,3_alaa_strike_prison_water,alaa done wo n't go another year horrid nightmarehe wrote us starting tomorrow full hunger strike calorie intake whatsoeverstarting novemeber th go water strikeif n't resolve die
495,2_sheikh_sharm_el_summit,happening environment forestry cabinet secretary hon soipan tuya arrives united nations framework convention climate change unfccc cop sharm el sheikh egypt the cs currently attending africa group negotiators preparatory meeting
496,2_sheikh_sharm_el_summit,arrived live sharm el sheikh tune keep latest on ground action part conversations 
497,-1_climate_minister_world_president,look made blue zone despite governments best efforts thanks much helped
498,0_climate_must_change_world,powerful piece must mean africa climate action renewables luxury indivisible building peace security stability prosperity 
499,0_climate_must_change_world,must acknowledge harsh truth adapting growing number catastrophes causing enormous suffering around world deadly impacts longer swept rug sg 
500,0_climate_must_change_world,gore pedals line get net zero temperatures stop rising within little years '' misleading dangerous narrative ignores locked in warming need thermal mitigation 
501,0_climate_must_change_world,say scottish nationalists lack sense humour crack joke nippys expense like ill report police seriously lighten know got beat get
502,-1_climate_minister_world_president,'ve started work sharm el sheikh 'll spend november best advocate practical scalable solutions green jobs youth transition climate finance elevate young eastern european voices tough times let 's catch 
503,0_climate_must_change_world,face many challenges climate change biggest this implementation summit keep track promises we need everything keep degrees reach 
504,5_private_jets_cola_coca,jolly boys outing world leaders pretend climate emergency fly private jets tell us must fly less people going wake 
505,4_cop_today_due_work,heading along half plane ive since cop missed bali india cops due maternity leave kids grown emissions due working
506,0_climate_must_change_world,much costto send reluctant sunak foots bill attendance perhaps could investigate kay 
